﻿이름\n,날짜,태그
Software) 코드 수정 및 디스코드 봇 활성화,2024년 11월 7일,
Software) 라즈베리파이 코드 삽입 및 한글 문제 해결,2024년 11월 7일,
Software) 블루투스 기능 코드 구현 - 메인 코드 수정 및 보조 코드 구현,2024년 11월 14일,
Software) 깃허브 생성 및 파일 추가 기능 커밋,2024년 11월 14일,
Software) 코드 주석 관리,2024년 11월 14일,
All) 블루투스 모듈 MAC 주소 찾고 적용,2024년 11월 15일,
프로젝트 참여 모집 공고 마감,2024년 11월 1일,
프로젝트 참여 모집 공고 업로드,2024년 10월 27일,
12:00 ~ 14:00) 테스트,2024년 11월 20일,
Software) 코드 수정,2024년 11월 19일,
Software) 코드 관리를 위한 GitHub 제작,2024년 11월 15일,
Software) 코드 변경 및 수정 사항 공유,2024년 11월 13일,
Software) 사용 중 코드 전체 공유 - Gate_Bot.py,2024년 11월 10일,
Software) 사용 중 코드 전체 공유 - door_test.py,2024년 11월 10일,
Software) 코드 수정 및 커밋 업데이트 공유,2024년 11월 20일,
"13:00 ~ ) 최종 기능 확인 및 시스템 연결, 적용",2024년 11월 24일,
18:30 ~ ) 동아리 총회 - 프로젝트 결과 발표,2024년 11월 28일,